[{"created_at":"Fri Sep 27 02:25:05 +0000 2013","id":383416977735561216,"id_str":"383416977735561216","text":"Google's 15th Birthday: 15 Items You Never Knew You Needed http:\/\/t.co\/fVGmU2Appv","source":"\u003ca href=\"http:\/\/www.socialoomph.com\" rel=\"nofollow\"\u003eSocialOomph\u003c\/a\u003e","truncated":false,"in_reply_to_status_id":null,"in_reply_to_status_id_str":null,"in_reply_to_user_id":null,"in_reply_to_user_id_str":null,"in_reply_to_screen_name":null,"user":{"id":16582191,"id_str":"16582191","name":"Envato","screen_name":"envato","location":"Melbourne","description":"We help people learn - #Tuts - and earn - #ThemeForest #GraphicRiver #VideoHive - online through our network of sites.\n\nSupport Requests: @envato_support","url":"http:\/\/t.co\/CN9Yc7uqnJ","entities":{"url":{"urls":[{"url":"http:\/\/t.co\/CN9Yc7uqnJ","expanded_url":"http:\/\/envato.com","display_url":"envato.com","indices":[0,22]}]},"description":{"urls":[]}},"protected":false,"followers_count":33844,"friends_count":338,"listed_count":1485,"created_at":"Fri Oct 03 19:11:51 +0000 2008","favourites_count":67,"utc_offset":36000,"time_zone":"Melbourne","geo_enabled":false,"verified":false,"statuses_count":4735,"lang":"en","contributors_enabled":false,"is_translator":false,"profile_background_color":"323435","profile_background_image_url":"http:\/\/a0.twimg.com\/profile_background_images\/378800000036129044\/4aaf87e960f30537daa1a0a0c3c4fc31.jpeg","profile_background_image_url_https":"https:\/\/si0.twimg.com\/profile_background_images\/378800000036129044\/4aaf87e960f30537daa1a0a0c3c4fc31.jpeg","profile_background_tile":false,"profile_image_url":"http:\/\/a0.twimg.com\/profile_images\/344513261572266825\/1316a31c9c4481517fbb3fca65e96f3d_normal.png","profile_image_url_https":"https:\/\/si0.twimg.com\/profile_images\/344513261572266825\/1316a31c9c4481517fbb3fca65e96f3d_normal.png","profile_banner_url":"https:\/\/pbs.twimg.com\/profile_banners\/16582191\/1370393135","profile_link_color":"83B449","profile_sidebar_border_color":"FFFFFF","profile_sidebar_fill_color":"6C9450","profile_text_color":"242424","profile_use_background_image":true,"default_profile":false,"default_profile_image":false,"following":null,"follow_requevd_sent":false,"notifications":null},"geo":null,"coordinates":null,"place":null,"contributors":null,"retweet_count":2,"favorite_count":2,"entities":{"hashtags":[],"symbols":[],"urls":[{"url":"http:\/\/t.co\/fVGmU2Appv","expanded_url":"http:\/\/enva.to\/1968kz2","display_url":"enva.to\/1968kz2","indices":[59,81]}],"user_mentions":[]},"favorited":false,"retweeted":false,"possibly_sensitive":false,"lang":"en"},{"created_at":"Fri Sep 27 02:04:01 +0000 2013","id":383411675627393024,"id_str":"383411675627393024","text":"A #photoofaphoto of @jimmyjazz68 (#envato Engineering Director) talking about growth...with kids' blocks! http:\/\/t.co\/OU4058ut1e","source":"\u003ca href=\"http:\/\/tapbots.com\/tweetbot\" rel=\"nofollow\"\u003eTweetbot for iOS\u003c\/a\u003e","truncated":false,"in_reply_to_status_id":null,"in_reply_to_status_id_str":null,"in_reply_to_user_id":null,"in_reply_to_user_id_str":null,"in_reply_to_screen_name":null,"user":{"id":16582191,"id_str":"16582191","name":"Envato","screen_name":"envato","location":"Melbourne","description":"We help people learn - #Tuts - and earn - #ThemeForest #GraphicRiver #VideoHive - online through our network of sites.\n\nSupport Requests: @envato_support","url":"http:\/\/t.co\/CN9Yc7uqnJ","entities":{"url":{"urls":[{"url":"http:\/\/t.co\/CN9Yc7uqnJ","expanded_url":"http:\/\/envato.com","display_url":"envato.com","indices":[0,22]}]},"description":{"urls":[]}},"protected":false,"followers_count":33844,"friends_count":338,"listed_count":1485,"created_at":"Fri Oct 03 19:11:51 +0000 2008","favourites_count":67,"utc_offset":36000,"time_zone":"Melbourne","geo_enabled":false,"verified":false,"statuses_count":4735,"lang":"en","contributors_enabled":false,"is_translator":false,"profile_background_color":"323435","profile_background_image_url":"http:\/\/a0.twimg.com\/profile_background_images\/378800000036129044\/4aaf87e960f30537daa1a0a0c3c4fc31.jpeg","profile_background_image_url_https":"https:\/\/si0.twimg.com\/profile_background_images\/378800000036129044\/4aaf87e960f30537daa1a0a0c3c4fc31.jpeg","profile_background_tile":false,"profile_image_url":"http:\/\/a0.twimg.com\/profile_images\/344513261572266825\/1316a31c9c4481517fbb3fca65e96f3d_normal.png","profile_image_url_https":"https:\/\/si0.twimg.com\/profile_images\/344513261572266825\/1316a31c9c4481517fbb3fca65e96f3d_normal.png","profile_banner_url":"https:\/\/pbs.twimg.com\/profile_banners\/16582191\/1370393135","profile_link_color":"83B449","profile_sidebar_border_color":"FFFFFF","profile_sidebar_fill_color":"6C9450","profile_text_color":"242424","profile_use_background_image":true,"default_profile":false,"default_profile_image":false,"following":null,"follow_requevd_sent":false,"notifications":null},"geo":null,"coordinates":null,"place":null,"contributors":null,"retweet_count":0,"favorite_count":0,"entities":{"hashtags":[{"text":"photoofaphoto","indices":[2,16]},{"text":"envato","indices":[34,41]}],"symbols":[],"urls":[{"url":"http:\/\/t.co\/OU4058ut1e","expanded_url":"http:\/\/instagram.com\/p\/evwAI-HX7z\/","display_url":"instagram.com\/p\/evwAI-HX7z\/","indices":[106,128]}],"user_mentions":[{"screen_name":"jimmyjazz68","name":"James Ross","id":28694569,"id_str":"28694569","indices":[20,32]}]},"favorited":false,"retweeted":false,"possibly_sensitive":false,"lang":"en"},{"created_at":"Thu Sep 26 16:14:06 +0000 2013","id":383263218824908800,"id_str":"383263218824908800","text":"@jason_bradley Can't wait to have you as an author :D ^TK","source":"\u003ca href=\"http:\/\/www.hootsuite.com\" rel=\"nofollow\"\u003eHootSuite\u003c\/a\u003e","truncated":false,"in_reply_to_status_id":383066045956624384,"in_reply_to_status_id_str":"383066045956624384","in_reply_to_user_id":27369353,"in_reply_to_user_id_str":"27369353","in_reply_to_screen_name":"jason_bradley","user":{"id":16582191,"id_str":"16582191","name":"Envato","screen_name":"envato","location":"Melbourne","description":"We help people learn - #Tuts - and earn - #ThemeForest #GraphicRiver #VideoHive - online through our network of sites.\n\nSupport Requests: @envato_support","url":"http:\/\/t.co\/CN9Yc7uqnJ","entities":{"url":{"urls":[{"url":"http:\/\/t.co\/CN9Yc7uqnJ","expanded_url":"http:\/\/envato.com","display_url":"envato.com","indices":[0,22]}]},"description":{"urls":[]}},"protected":false,"followers_count":33844,"friends_count":338,"listed_count":1485,"created_at":"Fri Oct 03 19:11:51 +0000 2008","favourites_count":67,"utc_offset":36000,"time_zone":"Melbourne","geo_enabled":false,"verified":false,"statuses_count":4735,"lang":"en","contributors_enabled":false,"is_translator":false,"profile_background_color":"323435","profile_background_image_url":"http:\/\/a0.twimg.com\/profile_background_images\/378800000036129044\/4aaf87e960f30537daa1a0a0c3c4fc31.jpeg","profile_background_image_url_https":"https:\/\/si0.twimg.com\/profile_background_images\/378800000036129044\/4aaf87e960f30537daa1a0a0c3c4fc31.jpeg","profile_background_tile":false,"profile_image_url":"http:\/\/a0.twimg.com\/profile_images\/344513261572266825\/1316a31c9c4481517fbb3fca65e96f3d_normal.png","profile_image_url_https":"https:\/\/si0.twimg.com\/profile_images\/344513261572266825\/1316a31c9c4481517fbb3fca65e96f3d_normal.png","profile_banner_url":"https:\/\/pbs.twimg.com\/profile_banners\/16582191\/1370393135","profile_link_color":"83B449","profile_sidebar_border_color":"FFFFFF","profile_sidebar_fill_color":"6C9450","profile_text_color":"242424","profile_use_background_image":true,"default_profile":false,"default_profile_image":false,"following":null,"follow_requevd_sent":false,"notifications":null},"geo":null,"coordinates":null,"place":null,"contributors":null,"retweet_count":0,"favorite_count":0,"entities":{"hashtags":[],"symbols":[],"urls":[],"user_mentions":[{"screen_name":"jason_bradley","name":"Jason Bradley","id":27369353,"id_str":"27369353","indices":[0,14]}]},"favorited":false,"retweeted":false,"lang":"en"},{"created_at":"Thu Sep 26 11:45:42 +0000 2013","id":383195673593929728,"id_str":"383195673593929728","text":"Our curator of fine marketing content, Dan Bruce, talking inspirational emails! Video coming soon. :)\u2026 http:\/\/t.co\/GcKxf9kl8V","source":"\u003ca href=\"http:\/\/instagram.com\" rel=\"nofollow\"\u003eInstagram\u003c\/a\u003e","truncated":false,"in_reply_to_status_id":null,"in_reply_to_status_id_str":null,"in_reply_to_user_id":null,"in_reply_to_user_id_str":null,"in_reply_to_screen_name":null,"user":{"id":16582191,"id_str":"16582191","name":"Envato","screen_name":"envato","location":"Melbourne","description":"We help people learn - #Tuts - and earn - #ThemeForest #GraphicRiver #VideoHive - online through our network of sites.\n\nSupport Requests: @envato_support","url":"http:\/\/t.co\/CN9Yc7uqnJ","entities":{"url":{"urls":[{"url":"http:\/\/t.co\/CN9Yc7uqnJ","expanded_url":"http:\/\/envato.com","display_url":"envato.com","indices":[0,22]}]},"description":{"urls":[]}},"protected":false,"followers_count":33844,"friends_count":338,"listed_count":1485,"created_at":"Fri Oct 03 19:11:51 +0000 2008","favourites_count":67,"utc_offset":36000,"time_zone":"Melbourne","geo_enabled":false,"verified":false,"statuses_count":4735,"lang":"en","contributors_enabled":false,"is_translator":false,"profile_background_color":"323435","profile_background_image_url":"http:\/\/a0.twimg.com\/profile_background_images\/378800000036129044\/4aaf87e960f30537daa1a0a0c3c4fc31.jpeg","profile_background_image_url_https":"https:\/\/si0.twimg.com\/profile_background_images\/378800000036129044\/4aaf87e960f30537daa1a0a0c3c4fc31.jpeg","profile_background_tile":false,"profile_image_url":"http:\/\/a0.twimg.com\/profile_images\/344513261572266825\/1316a31c9c4481517fbb3fca65e96f3d_normal.png","profile_image_url_https":"https:\/\/si0.twimg.com\/profile_images\/344513261572266825\/1316a31c9c4481517fbb3fca65e96f3d_normal.png","profile_banner_url":"https:\/\/pbs.twimg.com\/profile_banners\/16582191\/1370393135","profile_link_color":"83B449","profile_sidebar_border_color":"FFFFFF","profile_sidebar_fill_color":"6C9450","profile_text_color":"242424","profile_use_background_image":true,"default_profile":false,"default_profile_image":false,"following":null,"follow_requevd_sent":false,"notifications":null},"geo":null,"coordinates":null,"place":null,"contributors":null,"retweet_count":0,"favorite_count":0,"entities":{"hashtags":[],"symbols":[],"urls":[{"url":"http:\/\/t.co\/GcKxf9kl8V","expanded_url":"http:\/\/instagram.com\/p\/euOtm9nX9y\/","display_url":"instagram.com\/p\/euOtm9nX9y\/","indices":[103,125]}],"user_mentions":[]},"favorited":false,"retweeted":false,"possibly_sensitive":false,"lang":"en"},{"created_at":"Thu Sep 26 00:26:59 +0000 2013","id":383024866745532416,"id_str":"383024866745532416","text":"RT @envato_support: Hey, It's Steve, I'm sipping on a Flaming Moe whilst answering your support requests.\n#notabadday http:\/\/t.co\/gOB8hdKQO5","source":"web","truncated":false,"in_reply_to_status_id":null,"in_reply_to_status_id_str":null,"in_reply_to_user_id":null,"in_reply_to_user_id_str":null,"in_reply_to_screen_name":null,"user":{"id":16582191,"id_str":"16582191","name":"Envato","screen_name":"envato","location":"Melbourne","description":"We help people learn - #Tuts - and earn - #ThemeForest #GraphicRiver #VideoHive - online through our network of sites.\n\nSupport Requests: @envato_support","url":"http:\/\/t.co\/CN9Yc7uqnJ","entities":{"url":{"urls":[{"url":"http:\/\/t.co\/CN9Yc7uqnJ","expanded_url":"http:\/\/envato.com","display_url":"envato.com","indices":[0,22]}]},"description":{"urls":[]}},"protected":false,"followers_count":33844,"friends_count":338,"listed_count":1485,"created_at":"Fri Oct 03 19:11:51 +0000 2008","favourites_count":67,"utc_offset":36000,"time_zone":"Melbourne","geo_enabled":false,"verified":false,"statuses_count":4735,"lang":"en","contributors_enabled":false,"is_translator":false,"profile_background_color":"323435","profile_background_image_url":"http:\/\/a0.twimg.com\/profile_background_images\/378800000036129044\/4aaf87e960f30537daa1a0a0c3c4fc31.jpeg","profile_background_image_url_https":"https:\/\/si0.twimg.com\/profile_background_images\/378800000036129044\/4aaf87e960f30537daa1a0a0c3c4fc31.jpeg","profile_background_tile":false,"profile_image_url":"http:\/\/a0.twimg.com\/profile_images\/344513261572266825\/1316a31c9c4481517fbb3fca65e96f3d_normal.png","profile_image_url_https":"https:\/\/si0.twimg.com\/profile_images\/344513261572266825\/1316a31c9c4481517fbb3fca65e96f3d_normal.png","profile_banner_url":"https:\/\/pbs.twimg.com\/profile_banners\/16582191\/1370393135","profile_link_color":"83B449","profile_sidebar_border_color":"FFFFFF","profile_sidebar_fill_color":"6C9450","profile_text_color":"242424","profile_use_background_image":true,"default_profile":false,"default_profile_image":false,"following":null,"follow_requevd_sent":false,"notifications":null},"geo":null,"coordinates":null,"place":null,"contributors":null,"retweeted_status":{"created_at":"Thu Sep 26 00:09:15 +0000 2013","id":383020405751304193,"id_str":"383020405751304193","text":"Hey, It's Steve, I'm sipping on a Flaming Moe whilst answering your support requests.\n#notabadday http:\/\/t.co\/gOB8hdKQO5","source":"\u003ca href=\"http:\/\/www.hootsuite.com\" rel=\"nofollow\"\u003eHootSuite\u003c\/a\u003e","truncated":false,"in_reply_to_status_id":null,"in_reply_to_status_id_str":null,"in_reply_to_user_id":null,"in_reply_to_user_id_str":null,"in_reply_to_screen_name":null,"user":{"id":69223973,"id_str":"69223973","name":"Envato Support","screen_name":"envato_support","location":"","description":"We're here to help.","url":"http:\/\/t.co\/5me3mY2i1g","entities":{"url":{"urls":[{"url":"http:\/\/t.co\/5me3mY2i1g","expanded_url":"http:\/\/support.envato.com","display_url":"support.envato.com","indices":[0,22]}]},"description":{"urls":[]}},"protected":false,"followers_count":8765,"friends_count":69,"listed_count":195,"created_at":"Thu Aug 27 06:47:18 +0000 2009","favourites_count":7,"utc_offset":36000,"time_zone":"Melbourne","geo_enabled":false,"verified":false,"statuses_count":9986,"lang":"en","contributors_enabled":false,"is_translator":false,"profile_background_color":"2E2E2E","profile_background_image_url":"http:\/\/a0.twimg.com\/profile_background_images\/378800000008668724\/a40cd3270ba78713d3abd8803dbed154.gif","profile_background_image_url_https":"https:\/\/si0.twimg.com\/profile_background_images\/378800000008668724\/a40cd3270ba78713d3abd8803dbed154.gif","profile_background_tile":true,"profile_image_url":"http:\/\/a0.twimg.com\/profile_images\/378800000050935157\/551982562ea9e2079aef15babc541995_normal.png","profile_image_url_https":"https:\/\/si0.twimg.com\/profile_images\/378800000050935157\/551982562ea9e2079aef15babc541995_normal.png","profile_banner_url":"https:\/\/pbs.twimg.com\/profile_banners\/69223973\/1372289502","profile_link_color":"83B449","profile_sidebar_border_color":"FFFFFF","profile_sidebar_fill_color":"DDFFCC","profile_text_color":"333333","profile_use_background_image":true,"default_profile":false,"default_profile_image":false,"following":null,"follow_requevd_sent":false,"notifications":null},"geo":null,"coordinates":null,"place":null,"contributors":null,"retweet_count":1,"favorite_count":0,"entities":{"hashtags":[{"text":"notabadday","indices":[86,97]}],"symbols":[],"urls":[{"url":"http:\/\/t.co\/gOB8hdKQO5","expanded_url":"http:\/\/ow.ly\/i\/3fzHS","display_url":"ow.ly\/i\/3fzHS","indices":[98,120]}],"user_mentions":[]},"favorited":false,"retweeted":false,"possibly_sensitive":false,"lang":"en"},"retweet_count":1,"favorite_count":0,"entities":{"hashtags":[{"text":"notabadday","indices":[106,117]}],"symbols":[],"urls":[{"url":"http:\/\/t.co\/gOB8hdKQO5","expanded_url":"http:\/\/ow.ly\/i\/3fzHS","display_url":"ow.ly\/i\/3fzHS","indices":[118,140]}],"user_mentions":[{"screen_name":"envato_support","name":"Envato Support","id":69223973,"id_str":"69223973","indices":[3,18]}]},"favorited":false,"retweeted":false,"possibly_sensitive":false,"lang":"en"},{"created_at":"Wed Sep 25 21:39:48 +0000 2013","id":382982797058912256,"id_str":"382982797058912256","text":"Adobe Edge Animate Templates now accepted on #CodeCanyon. @EdgeAnimate http:\/\/t.co\/D75xG0XYuC","source":"\u003ca href=\"http:\/\/www.hootsuite.com\" rel=\"nofollow\"\u003eHootSuite\u003c\/a\u003e","truncated":false,"in_reply_to_status_id":null,"in_reply_to_status_id_str":null,"in_reply_to_user_id":null,"in_reply_to_user_id_str":null,"in_reply_to_screen_name":null,"user":{"id":16582191,"id_str":"16582191","name":"Envato","screen_name":"envato","location":"Melbourne","description":"We help people learn - #Tuts - and earn - #ThemeForest #GraphicRiver #VideoHive - online through our network of sites.\n\nSupport Requests: @envato_support","url":"http:\/\/t.co\/CN9Yc7uqnJ","entities":{"url":{"urls":[{"url":"http:\/\/t.co\/CN9Yc7uqnJ","expanded_url":"http:\/\/envato.com","display_url":"envato.com","indices":[0,22]}]},"description":{"urls":[]}},"protected":false,"followers_count":33844,"friends_count":338,"listed_count":1485,"created_at":"Fri Oct 03 19:11:51 +0000 2008","favourites_count":67,"utc_offset":36000,"time_zone":"Melbourne","geo_enabled":false,"verified":false,"statuses_count":4735,"lang":"en","contributors_enabled":false,"is_translator":false,"profile_background_color":"323435","profile_background_image_url":"http:\/\/a0.twimg.com\/profile_background_images\/378800000036129044\/4aaf87e960f30537daa1a0a0c3c4fc31.jpeg","profile_background_image_url_https":"https:\/\/si0.twimg.com\/profile_background_images\/378800000036129044\/4aaf87e960f30537daa1a0a0c3c4fc31.jpeg","profile_background_tile":false,"profile_image_url":"http:\/\/a0.twimg.com\/profile_images\/344513261572266825\/1316a31c9c4481517fbb3fca65e96f3d_normal.png","profile_image_url_https":"https:\/\/si0.twimg.com\/profile_images\/344513261572266825\/1316a31c9c4481517fbb3fca65e96f3d_normal.png","profile_banner_url":"https:\/\/pbs.twimg.com\/profile_banners\/16582191\/1370393135","profile_link_color":"83B449","profile_sidebar_border_color":"FFFFFF","profile_sidebar_fill_color":"6C9450","profile_text_color":"242424","profile_use_background_image":true,"default_profile":false,"default_profile_image":false,"following":null,"follow_requevd_sent":false,"notifications":null},"geo":null,"coordinates":null,"place":null,"contributors":null,"retweet_count":2,"favorite_count":3,"entities":{"hashtags":[{"text":"CodeCanyon","indices":[45,56]}],"symbols":[],"urls":[{"url":"http:\/\/t.co\/D75xG0XYuC","expanded_url":"http:\/\/codecanyon.net\/category\/edge-animate-templates","display_url":"codecanyon.net\/category\/edge-\u2026","indices":[71,93]}],"user_mentions":[{"screen_name":"EdgeAnimate","name":"Adobe Edge Animate","id":312909595,"id_str":"312909595","indices":[58,70]}]},"favorited":false,"retweeted":false,"possibly_sensitive":false,"lang":"en"},{"created_at":"Wed Sep 25 15:54:57 +0000 2013","id":382896011561431040,"id_str":"382896011561431040","text":"Download links are now working! Thanks so much for your patience ^Travis K","source":"\u003ca href=\"http:\/\/www.hootsuite.com\" rel=\"nofollow\"\u003eHootSuite\u003c\/a\u003e","truncated":false,"in_reply_to_status_id":null,"in_reply_to_status_id_str":null,"in_reply_to_user_id":null,"in_reply_to_user_id_str":null,"in_reply_to_screen_name":null,"user":{"id":16582191,"id_str":"16582191","name":"Envato","screen_name":"envato","location":"Melbourne","description":"We help people learn - #Tuts - and earn - #ThemeForest #GraphicRiver #VideoHive - online through our network of sites.\n\nSupport Requests: @envato_support","url":"http:\/\/t.co\/CN9Yc7uqnJ","entities":{"url":{"urls":[{"url":"http:\/\/t.co\/CN9Yc7uqnJ","expanded_url":"http:\/\/envato.com","display_url":"envato.com","indices":[0,22]}]},"description":{"urls":[]}},"protected":false,"followers_count":33844,"friends_count":338,"listed_count":1485,"created_at":"Fri Oct 03 19:11:51 +0000 2008","favourites_count":67,"utc_offset":36000,"time_zone":"Melbourne","geo_enabled":false,"verified":false,"statuses_count":4735,"lang":"en","contributors_enabled":false,"is_translator":false,"profile_background_color":"323435","profile_background_image_url":"http:\/\/a0.twimg.com\/profile_background_images\/378800000036129044\/4aaf87e960f30537daa1a0a0c3c4fc31.jpeg","profile_background_image_url_https":"https:\/\/si0.twimg.com\/profile_background_images\/378800000036129044\/4aaf87e960f30537daa1a0a0c3c4fc31.jpeg","profile_background_tile":false,"profile_image_url":"http:\/\/a0.twimg.com\/profile_images\/344513261572266825\/1316a31c9c4481517fbb3fca65e96f3d_normal.png","profile_image_url_https":"https:\/\/si0.twimg.com\/profile_images\/344513261572266825\/1316a31c9c4481517fbb3fca65e96f3d_normal.png","profile_banner_url":"https:\/\/pbs.twimg.com\/profile_banners\/16582191\/1370393135","profile_link_color":"83B449","profile_sidebar_border_color":"FFFFFF","profile_sidebar_fill_color":"6C9450","profile_text_color":"242424","profile_use_background_image":true,"default_profile":false,"default_profile_image":false,"following":null,"follow_requevd_sent":false,"notifications":null},"geo":null,"coordinates":null,"place":null,"contributors":null,"retweet_count":1,"favorite_count":1,"entities":{"hashtags":[],"symbols":[],"urls":[],"user_mentions":[]},"favorited":false,"retweeted":false,"lang":"en"},{"created_at":"Wed Sep 25 15:20:23 +0000 2013","id":382887311689912320,"id_str":"382887311689912320","text":"Envato's Most Wanted - $4,500 Reward for TypeEngine Themes. Don't wait, grab your share! http:\/\/t.co\/pL3NeIAYNj","source":"\u003ca href=\"http:\/\/www.hootsuite.com\" rel=\"nofollow\"\u003eHootSuite\u003c\/a\u003e","truncated":false,"in_reply_to_status_id":null,"in_reply_to_status_id_str":null,"in_reply_to_user_id":null,"in_reply_to_user_id_str":null,"in_reply_to_screen_name":null,"user":{"id":16582191,"id_str":"16582191","name":"Envato","screen_name":"envato","location":"Melbourne","description":"We help people learn - #Tuts - and earn - #ThemeForest #GraphicRiver #VideoHive - online through our network of sites.\n\nSupport Requests: @envato_support","url":"http:\/\/t.co\/CN9Yc7uqnJ","entities":{"url":{"urls":[{"url":"http:\/\/t.co\/CN9Yc7uqnJ","expanded_url":"http:\/\/envato.com","display_url":"envato.com","indices":[0,22]}]},"description":{"urls":[]}},"protected":false,"followers_count":33844,"friends_count":338,"listed_count":1485,"created_at":"Fri Oct 03 19:11:51 +0000 2008","favourites_count":67,"utc_offset":36000,"time_zone":"Melbourne","geo_enabled":false,"verified":false,"statuses_count":4735,"lang":"en","contributors_enabled":false,"is_translator":false,"profile_background_color":"323435","profile_background_image_url":"http:\/\/a0.twimg.com\/profile_background_images\/378800000036129044\/4aaf87e960f30537daa1a0a0c3c4fc31.jpeg","profile_background_image_url_https":"https:\/\/si0.twimg.com\/profile_background_images\/378800000036129044\/4aaf87e960f30537daa1a0a0c3c4fc31.jpeg","profile_background_tile":false,"profile_image_url":"http:\/\/a0.twimg.com\/profile_images\/344513261572266825\/1316a31c9c4481517fbb3fca65e96f3d_normal.png","profile_image_url_https":"https:\/\/si0.twimg.com\/profile_images\/344513261572266825\/1316a31c9c4481517fbb3fca65e96f3d_normal.png","profile_banner_url":"https:\/\/pbs.twimg.com\/profile_banners\/16582191\/1370393135","profile_link_color":"83B449","profile_sidebar_border_color":"FFFFFF","profile_sidebar_fill_color":"6C9450","profile_text_color":"242424","profile_use_background_image":true,"default_profile":false,"default_profile_image":false,"following":null,"follow_requevd_sent":false,"notifications":null},"geo":null,"coordinates":null,"place":null,"contributors":null,"retweet_count":2,"favorite_count":0,"entities":{"hashtags":[],"symbols":[],"urls":[{"url":"http:\/\/t.co\/pL3NeIAYNj","expanded_url":"http:\/\/notes.envato.com\/envatos-most-wanted\/wanted-typeengine-themes\/","display_url":"notes.envato.com\/envatos-most-w\u2026","indices":[89,111]}],"user_mentions":[]},"favorited":false,"retweeted":false,"possibly_sensitive":false,"lang":"en"}]